title,content,comment
Best dry shampoo for gym days,"I love how this dry shampoo absorbs oil without leaving a white cast on dark hair. The scent is light and fresh, not overpowering like some aerosol sprays.","Works great after workouts when I cannot wash my hair. Smells clean and lasts all day."
Fragrance-free option review,"Looking for something without perfume because strong smells give me headaches. This one has almost no scent which is perfect for sensitive noses.","No fragrance at all — exactly what I needed for office days."
Travel size dry shampoo,"Perfect for carry-on luggage because it does not leak and the powder spreads evenly. Much better than the gas spray bottles I tried before.","Took it on a week-long trip and still have half the bottle left."
Powder vs aerosol comparison,"The squeeze bottle gives more control than aerosol. I can target the roots without getting product everywhere. Slight learning curve but worth it.","My stylist recommended this over spray cans for fine hair."
Morning rush routine,"When I wake up late I spray this at the roots, wait two minutes, and brush through. Hair looks freshly washed and smells like clean laundry.","Saved me so many times before important meetings."
Sensitive scalp feedback,"Does not irritate my scalp unlike other brands that made me itchy. The formula feels gentle and the smell fades to neutral after an hour.","Finally found one that does not burn or itch."
Volume and texture notes,"Adds noticeable volume at the crown without feeling sticky or crunchy. Good for second-day hair when it goes flat.","Better hold than the drugstore aerosol I used to buy."
Packaging complaint thread,"The cap is hard to open and sometimes clogs, but the product inside works well once you figure out the dispenser.","Had to use pliers once — please improve the bottle design."
Long hair application tips,"For thick long hair I section it and apply in layers. One bottle lasts about six weeks with daily use on oily roots.","Tip: shake well and hold the bottle upside down for even flow."
Comparison with premium brand,"Compared to the expensive salon brand this performs almost as well at half the price. Scent is milder which I prefer for everyday use.","Will repurchase — great value for the quality you get."
